case_id,prediccion_rl_mm3,prediccion_xgb_mm3,promedio_prediccion_mm3,diferencia_modelos_mm3
case_0002,36761.39726,26552.043,31656.72011,10209.35429
case_0005,14527.79099,12671.023,13599.40721,1856.767553
case_0006,22120.30025,21250.11,21685.20481,870.190873
case_0009,21158.04076,17949.434,19553.73718,3208.607169
case_0012,-1130.286075,4592.1772,1730.945586,5722.463321
